Payment_Name,Payment_Status__c,SM_Check_Collection_Date__c,SM_Check_Collection__c,SM_Check_Collection_Status__c,SM_Return_code__c,SM_Return_Change__c,Batch,Individual_Name,Reason_Description,CR_Amount,DB_Amount
PY-01867675,REJECTED,2026-07-20,TRUE,RETURN,R08,,0000051,HARRY ROLON ORTEGA,PAYMENT STOPPED OR STOP PAYMENT,00.00,75.00
PY-01867662,REJECTED,2026-07-20,TRUE,RETURN,R08,,0000051,OMARIE GARCIA,PAYMENT STOPPED OR STOP PAYMENT,00.00,69.00
PY-01867665,REJECTED,2026-07-20,TRUE,RETURN,R08,,0000051,WANDA ROSARIO DE NEGRO,PAYMENT STOPPED OR STOP PAYMENT,00.00,99.00
PY-01867263,REJECTED,2026-07-17,TRUE,RETURN,R01,,0000648,JAIME LUIS MARTY ADORN,INSUFFICIENT FUNDS,00.00,99.00
PY-01867255,REJECTED,2026-07-17,TRUE,RETURN,R01,,0000648,LUIS MELETICHE,INSUFFICIENT FUNDS,00.00,79.00
PY-01867270,REJECTED,2026-07-17,TRUE,RETURN,R01,,0000648,ELISA MEDINA,INSUFFICIENT FUNDS,00.00,139.00
PY-01867258,REJECTED,2026-07-17,TRUE,RETURN,R01,,0000648,LUZ CIRINO,INSUFFICIENT FUNDS,00.00,79.00
PY-01867261,REJECTED,2026-07-17,TRUE,RETURN,R01,,0000648,ATLLEXA VELEZ SANCHEZ,INSUFFICIENT FUNDS,00.00,139.00
PY-01867668,REJECTED,2026-07-20,TRUE,RETURN,R01,,0000809,CARLOS MARRERO,INSUFFICIENT FUNDS,00.00,99.00
